id,title,category,release_type,year,chapter,file_url,local_path,scraped_at
1,Land & Water,Statistical Abstract,statistical_abstract,2025,Land & Water,https://www.knbs.or.ke/wp-content/uploads/2026/01/CHAPTER-1.xlsx,,2026-06-12T11:24:16.948001
2,National Accounts,Statistical Abstract,statistical_abstract,2025,National Accounts,https://www.knbs.or.ke/wp-content/uploads/2026/01/NA-Statistical-Abstract_2025-1.xlsx,,2026-06-12T11:24:16.948001
3,"Labour, Retail Prices",Statistical Abstract,statistical_abstract,2025,"Labour, Retail Prices",https://www.knbs.or.ke/wp-content/uploads/2026/01/Chapter-3-Labour-Retail-Prices-Consumer-Expenditure.xlsx,,2026-06-12T11:24:16.948001
4,"Money, Banking & Finance",Statistical Abstract,statistical_abstract,2025,"Money, Banking & Finance",https://www.knbs.or.ke/wp-content/uploads/2026/01/Chapter-4-Money-Banking-Finance.xlsx,,2026-06-12T11:24:16.948001
5,Public Finance,Statistical Abstract,statistical_abstract,2025,Public Finance,https://www.knbs.or.ke/wp-content/uploads/2026/01/Chapter-5-Public-Finance.xlsx,,2026-06-12T11:24:16.948001
6,International Trade,Statistical Abstract,statistical_abstract,2025,International Trade,https://www.knbs.or.ke/wp-content/uploads/2026/01/Chapter-6-International-Trade-Balance-of-Payments.xlsx,,2026-06-12T11:24:16.948001
7,Agriculture,Statistical Abstract,statistical_abstract,2025,Agriculture,https://www.knbs.or.ke/wp-content/uploads/2026/01/Chapter-7-Agriculture.xlsx,,2026-06-12T11:24:16.948001
8,Environment & Natural Resources,Statistical Abstract,statistical_abstract,2025,Environment & Natural Resources,https://www.knbs.or.ke/wp-content/uploads/2026/01/Chapter-8-Environment-Natural-Resources.xlsx,,2026-06-12T11:24:16.948001
9,Energy,Statistical Abstract,statistical_abstract,2025,Energy,https://www.knbs.or.ke/wp-content/uploads/2026/01/Chapter-9-Energy.xlsx,,2026-06-12T11:24:16.948001
10,"Money, Banking & Finance",Statistical Abstract,statistical_abstract,2024,"Money, Banking & Finance",https://www.knbs.or.ke/wp-content/uploads/2025/02/Money-Banking-and-Finance.xlsx,,2026-06-12T11:24:16.948001
11,National Accounts,Statistical Abstract,statistical_abstract,2024,National Accounts,https://www.knbs.or.ke/wp-content/uploads/2025/02/National-Accounts.xlsx,,2026-06-12T11:24:16.948001
12,Public Finance,Statistical Abstract,statistical_abstract,2024,Public Finance,https://www.knbs.or.ke/wp-content/uploads/2025/02/Public-finance.xlsx,,2026-06-12T11:24:16.948001
13,Social & Economic,Statistical Abstract,statistical_abstract,2024,Social & Economic,https://www.knbs.or.ke/wp-content/uploads/2025/02/Social-and-Economic-Inclusion.xlsx,,2026-06-12T11:24:16.948001
14,Transport & Storage,Statistical Abstract,statistical_abstract,2024,Transport & Storage,https://www.knbs.or.ke/wp-content/uploads/2025/02/Transport-and-Storage.xlsx,,2026-06-12T11:24:16.948001
15,Agriculture,Statistical Abstract,statistical_abstract,2024,Agriculture,https://www.knbs.or.ke/wp-content/uploads/2025/02/Agriculture.xlsx,,2026-06-12T11:24:16.948001
16,Construction,Statistical Abstract,statistical_abstract,2024,Construction,https://www.knbs.or.ke/wp-content/uploads/2025/02/Construction.xlsx,,2026-06-12T11:24:16.948001
17,Education & Training,Statistical Abstract,statistical_abstract,2024,Education & Training,https://www.knbs.or.ke/wp-content/uploads/2025/02/Education-Training.xlsx,,2026-06-12T11:24:16.948001
18,Energy,Statistical Abstract,statistical_abstract,2024,Energy,https://www.knbs.or.ke/wp-content/uploads/2025/02/Energy.xlsx,,2026-06-12T11:24:16.948001
19,Environment,Statistical Abstract,statistical_abstract,2024,Environment,https://www.knbs.or.ke/wp-content/uploads/2025/02/Environment.xlsx,,2026-06-12T11:24:16.948001
20,"Governance, Peace & Security",Statistical Abstract,statistical_abstract,2024,"Governance, Peace & Security",https://www.knbs.or.ke/wp-content/uploads/2025/02/Governance-Peace-and-Security.xlsx,,2026-06-12T11:24:16.948001
21,"Labour, Retail Prices",Statistical Abstract,statistical_abstract,2024,"Labour, Retail Prices",https://www.knbs.or.ke/wp-content/uploads/2025/02/Labour-Retail-Prices-and-Consumer-Expenditure.xlsx,,2026-06-12T11:24:16.948001
22,Manufacturing,Statistical Abstract,statistical_abstract,2024,Manufacturing,https://www.knbs.or.ke/wp-content/uploads/2025/02/Manufacturing.xlsx,,2026-06-12T11:24:16.948001
23,Migration & Tourism,Statistical Abstract,statistical_abstract,2024,Migration & Tourism,https://www.knbs.or.ke/wp-content/uploads/2025/02/Migration-and-Tourism.xlsx,,2026-06-12T11:24:16.948001
24,"Money, Banking & Finance",Economic Survey,economic_survey,2025,"Money, Banking & Finance",https://www.knbs.or.ke/wp-content/uploads/2025/05/Chapter-4-Money-Banking-and-Finance.xlsx,,2026-06-12T11:24:16.948001
25,Public Finance,Economic Survey,economic_survey,2025,Public Finance,https://www.knbs.or.ke/wp-content/uploads/2025/05/Chapter-5-Public-Finance.xlsx,,2026-06-12T11:24:16.948001
26,International Trade,Economic Survey,economic_survey,2025,International Trade,https://www.knbs.or.ke/wp-content/uploads/2025/05/Chapter-6-International-Trade-and-Balance-of-Payments.xlsx,,2026-06-12T11:24:16.948001
27,Agriculture,Economic Survey,economic_survey,2025,Agriculture,https://www.knbs.or.ke/wp-content/uploads/2025/05/Chapter-7-Agriculture.xlsx,,2026-06-12T11:24:16.948001
28,Environment,Economic Survey,economic_survey,2025,Environment,https://www.knbs.or.ke/wp-content/uploads/2025/05/Chapter-8-environment-and-Natural-Resources.xlsx,,2026-06-12T11:24:16.948001
29,Energy,Economic Survey,economic_survey,2025,Energy,https://www.knbs.or.ke/wp-content/uploads/2025/05/Chapter-9-Energy.xlsx,,2026-06-12T11:24:16.948001
30,Manufacturing,Economic Survey,economic_survey,2025,Manufacturing,https://www.knbs.or.ke/wp-content/uploads/2025/05/Chapter-10-Manufacturing-Sector.xlsx,,2026-06-12T11:24:16.948001
31,Construction,Economic Survey,economic_survey,2025,Construction,https://www.knbs.or.ke/wp-content/uploads/2025/05/Chapter-11-Constr.xlsx,,2026-06-12T11:24:16.948001
