id,source,started_at,finished_at,rows_added,files_saved,status,notes
1,ppra,2026-06-12T11:19:10.473611,2026-06-12T11:24:16.859619,92230,2,ok,
2,knbs,2026-06-12T11:24:16.922314,2026-06-12T11:27:29.356653,31,0,ok,
3,oag,2026-06-12T11:27:29.417700,2026-06-12T11:30:06.537486,1350,0,ok,
4,knbs,2026-06-12T11:39:32.455619,2026-06-12T12:02:07.876103,0,0,ok,
5,cob,2026-06-12T12:02:08.325813,2026-06-12T12:07:39.239064,5,1,ok,
6,treasury,2026-06-12T12:07:39.352319,2026-06-12T12:10:48.905961,9,5,ok,
7,oag,2026-06-13T10:49:54.924838,2026-06-13T14:12:35.138423,0,1349,ok,
8,cob,2026-06-13T14:12:35.203882,2026-06-13T14:20:07.196288,0,0,ok,
9,treasury,2026-06-13T14:20:07.305000,2026-06-13T14:24:43.376334,1,1,ok,
10,ppra,2026-06-13T14:34:19.043564,2026-06-13T14:36:31.250415,92230,2,ok,
