id,title,doc_type,fiscal_year,file_url,local_path,scraped_at
1,BROP 2025,BROP,,https://www.treasury.go.ke/sites/default/files/2025-Budget-Review-and-Outlook-Paper-1.pdf,C:\Users\user\Data_Science_Course\kenya_public_finance_intelligence\kenya_public_finance_intelligence\data\raw\treasury\treasury__brop_brop-2025.pdf,2026-06-12T12:07:39.393009
2,BPS 2025,BPS,2025/02,https://www.treasury.go.ke/wp-content/uploads/2025/02/2025-Budget-Policy-Statement...pdf,,2026-06-12T12:07:39.393049
3,Budget Summary 2025/26,Budget Summary,2025/26,https://www.treasury.go.ke/wp-content/uploads/2025/06/Budget-Summary-for-the-FY-2025-26F.pdf,,2026-06-12T12:07:39.393068
4,FY 2025/2026 – Budget Summary,Budget Summary,2025/26,https://oldsite.treasury.go.ke/wp-content/uploads/2025/06/Budget-Summary-for-the-FY-2025-26F.pdf,,2026-06-12T12:07:41.697731
5,FY 2024/2025 – Budget Summary,Budget Summary,2024/25,https://oldsite.treasury.go.ke/wp-content/uploads/2025/03/Budget-Summary-for-the-FY-2024-25.pdf,,2026-06-12T12:07:41.697842
6,FY 2023/2024 – Budget Summary,Budget Summary,2023/24,https://www.treasury.go.ke/sites/default/files/Budget%20summary/Budget-Summary-for-the-FY-2023_24.pdf,C:\Users\user\Data_Science_Course\kenya_public_finance_intelligence\kenya_public_finance_intelligence\data\raw\treasury\treasury_2023-24_budget-summary_fy-20232024-budget-summary.pdf,2026-06-12T12:07:41.697894
7,FY 2022/2023 – Budget Summary,Budget Summary,2022/23,https://www.treasury.go.ke/sites/default/files/Budget%20summary/Budget-Summary-for-the-FY-2022_23.pdf,C:\Users\user\Data_Science_Course\kenya_public_finance_intelligence\kenya_public_finance_intelligence\data\raw\treasury\treasury_2022-23_budget-summary_fy-20222023-budget-summary.pdf,2026-06-12T12:07:41.697935
8,FY 2021/2022 – Budget Summary_TP,Budget Summary,2021/22,https://www.treasury.go.ke/sites/default/files/Budget%20summary/29.04.2021_Final-Budget-Summary_TP.pdf,C:\Users\user\Data_Science_Course\kenya_public_finance_intelligence\kenya_public_finance_intelligence\data\raw\treasury\treasury_2021-22_budget-summary_fy-20212022-budget-summary-tp.pdf,2026-06-12T12:07:41.697977
9,Expenditure Requisition Form,Other,,https://www.treasury.go.ke/sites/default/files/Internal%20Downloads/TNT-%20Expenditure%20Requisition%20Form%20Final.pdf,C:\Users\user\Data_Science_Course\kenya_public_finance_intelligence\kenya_public_finance_intelligence\data\raw\treasury\treasury__other_expenditure-requisition-form.pdf,2026-06-12T12:07:41.698025
13,FY 2026/2027 – Budget Summary,Budget Summary,2026/27,https://www.treasury.go.ke/sites/default/files/Budget%20summary/Budget%20Summary%20for%20the%20FY%202026_27%20Budget.pdf,C:\Users\user\Data_Science_Course\kenya_public_finance_intelligence\kenya_public_finance_intelligence\data\raw\treasury\treasury_2026-27_budget-summary_fy-20262027-budget-summary.pdf,2026-06-13T14:20:10.371995
